customer_id,first_name,last_name,email
1,Eve,Wilson,user1@example.com
2,Bob,Jones,user2@example.com
3,Eve,Jones,user3@example.com
4,Charlie,Taylor,user4@example.com
5,Alice,Jones,user5@example.com
6,Charlie,Brown,user6@example.com
7,Bob,Wilson,user7@example.com
8,Diana,Jones,user8@example.com
9,Eve,Wilson,user9@example.com
10,Charlie,Taylor,user10@example.com
11,Eve,Taylor,user11@example.com
12,Diana,Brown,user12@example.com
13,Eve,Taylor,user13@example.com
14,Diana,Taylor,user14@example.com
15,Eve,Taylor,user15@example.com
16,Eve,Taylor,user16@example.com
17,Charlie,Taylor,user17@example.com
18,Diana,Smith,user18@example.com
19,Alice,Smith,user19@example.com
20,Bob,Jones,user20@example.com
21,Eve,Wilson,user21@example.com
22,Charlie,Brown,user22@example.com
23,Charlie,Wilson,user23@example.com
24,Alice,Wilson,user24@example.com
25,Diana,Smith,user25@example.com
26,Eve,Wilson,user26@example.com
27,Charlie,Brown,user27@example.com
28,Alice,Wilson,user28@example.com
29,Diana,Taylor,user29@example.com
30,Eve,Jones,user30@example.com
31,Charlie,Wilson,user31@example.com
32,Eve,Jones,user32@example.com
33,Diana,Jones,user33@example.com
34,Bob,Smith,user34@example.com
35,Charlie,Taylor,user35@example.com
36,Diana,Brown,user36@example.com
37,Charlie,Taylor,user37@example.com
38,Eve,Jones,user38@example.com
39,Alice,Wilson,user39@example.com
40,Charlie,Brown,user40@example.com
41,Charlie,Taylor,user41@example.com
42,Alice,Taylor,user42@example.com
43,Alice,Jones,user43@example.com
44,Bob,Brown,user44@example.com
45,Alice,Jones,user45@example.com
46,Alice,Smith,user46@example.com
47,Bob,Wilson,user47@example.com
48,Charlie,Smith,user48@example.com
49,Bob,Brown,user49@example.com
50,Bob,Taylor,user50@example.com
51,Eve,Jones,user51@example.com
52,Diana,Smith,user52@example.com
53,Alice,Wilson,user53@example.com
54,Bob,Smith,user54@example.com
55,Alice,Wilson,user55@example.com
56,Charlie,Wilson,user56@example.com
57,Bob,Jones,user57@example.com
58,Bob,Wilson,user58@example.com
59,Eve,Brown,user59@example.com
60,Eve,Taylor,user60@example.com
61,Diana,Jones,user61@example.com
62,Bob,Jones,user62@example.com
63,Charlie,Taylor,user63@example.com
64,Eve,Jones,user64@example.com
65,Eve,Taylor,user65@example.com
66,Diana,Taylor,user66@example.com
67,Eve,Jones,user67@example.com
68,Charlie,Taylor,user68@example.com
69,Diana,Jones,user69@example.com
70,Diana,Taylor,user70@example.com
71,Bob,Jones,user71@example.com
72,Charlie,Brown,user72@example.com
73,Eve,Jones,user73@example.com
74,Eve,Jones,user74@example.com
75,Eve,Jones,user75@example.com
76,Alice,Jones,user76@example.com
77,Diana,Smith,user77@example.com
78,Diana,Smith,user78@example.com
79,Charlie,Brown,user79@example.com
80,Alice,Jones,user80@example.com
81,Diana,Jones,user81@example.com
82,Diana,Brown,user82@example.com
83,Bob,Brown,user83@example.com
84,Bob,Brown,user84@example.com
85,Eve,Wilson,user85@example.com
86,Charlie,Jones,user86@example.com
87,Diana,Wilson,user87@example.com
88,Diana,Taylor,user88@example.com
89,Alice,Jones,user89@example.com
90,Eve,Smith,user90@example.com
91,Charlie,Smith,user91@example.com
92,Bob,Smith,user92@example.com
93,Alice,Taylor,user93@example.com
94,Diana,Wilson,user94@example.com
95,Alice,Taylor,user95@example.com
96,Diana,Taylor,user96@example.com
97,Bob,Smith,user97@example.com
98,Eve,Taylor,user98@example.com
99,Charlie,Brown,user99@example.com
100,Diana,Wilson,user100@example.com
101,Charlie,Wilson,user101@example.com
102,Alice,Wilson,user102@example.com
103,Eve,Jones,user103@example.com
104,Diana,Jones,user104@example.com
105,Eve,Brown,user105@example.com
106,Alice,Smith,user106@example.com
107,Eve,Jones,user107@example.com
108,Charlie,Brown,user108@example.com
109,Eve,Taylor,user109@example.com
110,Bob,Jones,user110@example.com
111,Alice,Smith,user111@example.com
112,Diana,Jones,user112@example.com
113,Alice,Smith,user113@example.com
114,Diana,Jones,user114@example.com
115,Eve,Taylor,user115@example.com
116,Eve,Jones,user116@example.com
117,Charlie,Taylor,user117@example.com
118,Diana,Brown,user118@example.com
119,Bob,Smith,user119@example.com
120,Charlie,Jones,user120@example.com
121,Bob,Smith,user121@example.com
122,Diana,Taylor,user122@example.com
123,Eve,Jones,user123@example.com
124,Diana,Wilson,user124@example.com
125,Alice,Smith,user125@example.com
126,Bob,Wilson,user126@example.com
127,Eve,Wilson,user127@example.com
128,Eve,Smith,user128@example.com
129,Charlie,Smith,user129@example.com
130,Charlie,Jones,user130@example.com
131,Diana,Wilson,user131@example.com
132,Alice,Taylor,user132@example.com
133,Alice,Wilson,user133@example.com
134,Charlie,Jones,user134@example.com
135,Charlie,Smith,user135@example.com
136,Alice,Smith,user136@example.com
137,Bob,Smith,user137@example.com
138,Bob,Taylor,user138@example.com
139,Eve,Taylor,user139@example.com
140,Charlie,Brown,user140@example.com
141,Alice,Taylor,user141@example.com
142,Bob,Smith,user142@example.com
143,Charlie,Wilson,user143@example.com
144,Charlie,Brown,user144@example.com
145,Eve,Brown,user145@example.com
146,Bob,Smith,user146@example.com
147,Charlie,Wilson,user147@example.com
148,Alice,Jones,user148@example.com
149,Eve,Taylor,user149@example.com
150,Alice,Jones,user150@example.com
151,Bob,Taylor,user151@example.com
152,Eve,Smith,user152@example.com
153,Bob,Brown,user153@example.com
154,Eve,Smith,user154@example.com
155,Diana,Brown,user155@example.com
156,Eve,Wilson,user156@example.com
157,Charlie,Smith,user157@example.com
158,Eve,Jones,user158@example.com
159,Bob,Smith,user159@example.com
160,Diana,Wilson,user160@example.com
161,Diana,Jones,user161@example.com
162,Alice,Taylor,user162@example.com
163,Bob,Wilson,user163@example.com
164,Alice,Taylor,user164@example.com
165,Diana,Taylor,user165@example.com
166,Diana,Taylor,user166@example.com
167,Alice,Jones,user167@example.com
168,Diana,Jones,user168@example.com
169,Charlie,Jones,user169@example.com
170,Charlie,Smith,user170@example.com
171,Diana,Wilson,user171@example.com
172,Bob,Brown,user172@example.com
173,Eve,Taylor,user173@example.com
174,Eve,Wilson,user174@example.com
175,Diana,Smith,user175@example.com
176,Charlie,Smith,user176@example.com
177,Bob,Wilson,user177@example.com
178,Charlie,Taylor,user178@example.com
179,Eve,Smith,user179@example.com
180,Alice,Taylor,user180@example.com
181,Charlie,Jones,user181@example.com
182,Alice,Smith,user182@example.com
183,Bob,Brown,user183@example.com
184,Eve,Wilson,user184@example.com
185,Diana,Taylor,user185@example.com
186,Diana,Wilson,user186@example.com
187,Alice,Wilson,user187@example.com
188,Alice,Wilson,user188@example.com
189,Eve,Smith,user189@example.com
190,Charlie,Smith,user190@example.com
191,Bob,Smith,user191@example.com
192,Bob,Jones,user192@example.com
193,Eve,Wilson,user193@example.com
194,Diana,Brown,user194@example.com
195,Eve,Brown,user195@example.com
196,Alice,Brown,user196@example.com
197,Alice,Smith,user197@example.com
198,Diana,Wilson,user198@example.com
199,Charlie,Brown,user199@example.com
200,Charlie,Jones,user200@example.com
201,Eve,Brown,user201@example.com
202,Charlie,Smith,user202@example.com
203,Bob,Taylor,user203@example.com
204,Charlie,Smith,user204@example.com
205,Diana,Wilson,user205@example.com
206,Alice,Wilson,user206@example.com
207,Eve,Brown,user207@example.com
208,Eve,Jones,user208@example.com
209,Bob,Wilson,user209@example.com
210,Charlie,Smith,user210@example.com
211,Diana,Taylor,user211@example.com
212,Diana,Taylor,user212@example.com
213,Alice,Jones,user213@example.com
214,Bob,Brown,user214@example.com
215,Diana,Jones,user215@example.com
216,Bob,Jones,user216@example.com
217,Alice,Brown,user217@example.com
218,Eve,Taylor,user218@example.com
219,Charlie,Smith,user219@example.com
220,Bob,Jones,user220@example.com
221,Charlie,Jones,user221@example.com
222,Bob,Jones,user222@example.com
223,Alice,Wilson,user223@example.com
224,Eve,Taylor,user224@example.com
225,Eve,Taylor,user225@example.com
226,Alice,Taylor,user226@example.com
227,Charlie,Taylor,user227@example.com
228,Diana,Brown,user228@example.com
229,Alice,Wilson,user229@example.com
230,Eve,Taylor,user230@example.com
231,Diana,Brown,user231@example.com
232,Alice,Brown,user232@example.com
233,Eve,Wilson,user233@example.com
234,Alice,Taylor,user234@example.com
235,Eve,Jones,user235@example.com
236,Diana,Taylor,user236@example.com
237,Charlie,Taylor,user237@example.com
238,Eve,Taylor,user238@example.com
239,Charlie,Brown,user239@example.com
240,Charlie,Wilson,user240@example.com
241,Charlie,Jones,user241@example.com
242,Eve,Brown,user242@example.com
243,Eve,Taylor,user243@example.com
244,Bob,Taylor,user244@example.com
245,Charlie,Wilson,user245@example.com
246,Bob,Taylor,user246@example.com
247,Diana,Wilson,user247@example.com
248,Alice,Brown,user248@example.com
249,Diana,Jones,user249@example.com
250,Alice,Taylor,user250@example.com
251,Eve,Smith,user251@example.com
252,Bob,Smith,user252@example.com
253,Eve,Jones,user253@example.com
254,Diana,Brown,user254@example.com
255,Diana,Brown,user255@example.com
256,Diana,Wilson,user256@example.com
257,Bob,Smith,user257@example.com
258,Bob,Brown,user258@example.com
259,Diana,Wilson,user259@example.com
260,Bob,Taylor,user260@example.com
261,Bob,Jones,user261@example.com
262,Charlie,Jones,user262@example.com
263,Alice,Smith,user263@example.com
264,Charlie,Smith,user264@example.com
265,Charlie,Smith,user265@example.com
266,Bob,Taylor,user266@example.com
267,Charlie,Wilson,user267@example.com
268,Alice,Jones,user268@example.com
269,Bob,Brown,user269@example.com
270,Alice,Wilson,user270@example.com
271,Alice,Brown,user271@example.com
272,Charlie,Wilson,user272@example.com
273,Bob,Smith,user273@example.com
274,Charlie,Wilson,user274@example.com
275,Bob,Jones,user275@example.com
276,Charlie,Wilson,user276@example.com
277,Alice,Brown,user277@example.com
278,Eve,Brown,user278@example.com
279,Diana,Wilson,user279@example.com
280,Diana,Jones,user280@example.com
281,Eve,Wilson,user281@example.com
282,Eve,Wilson,user282@example.com
283,Bob,Taylor,user283@example.com
284,Bob,Smith,user284@example.com
285,Eve,Jones,user285@example.com
286,Alice,Jones,user286@example.com
287,Diana,Jones,user287@example.com
288,Alice,Smith,user288@example.com
289,Charlie,Taylor,user289@example.com
290,Alice,Wilson,user290@example.com
291,Eve,Wilson,user291@example.com
292,Diana,Wilson,user292@example.com
293,Bob,Smith,user293@example.com
294,Alice,Jones,user294@example.com
295,Eve,Taylor,user295@example.com
296,Diana,Brown,user296@example.com
297,Diana,Taylor,user297@example.com
298,Eve,Smith,user298@example.com
299,Diana,Jones,user299@example.com
300,Eve,Jones,user300@example.com
301,Eve,Jones,user301@example.com
302,Alice,Brown,user302@example.com
303,Alice,Jones,user303@example.com
304,Alice,Wilson,user304@example.com
305,Charlie,Taylor,user305@example.com
306,Diana,Jones,user306@example.com
307,Eve,Wilson,user307@example.com
308,Charlie,Brown,user308@example.com
309,Alice,Smith,user309@example.com
310,Bob,Smith,user310@example.com
311,Bob,Smith,user311@example.com
312,Charlie,Wilson,user312@example.com
313,Charlie,Jones,user313@example.com
314,Diana,Smith,user314@example.com
315,Diana,Wilson,user315@example.com
316,Eve,Wilson,user316@example.com
317,Eve,Taylor,user317@example.com
318,Alice,Wilson,user318@example.com
319,Diana,Wilson,user319@example.com
320,Diana,Taylor,user320@example.com
321,Charlie,Brown,user321@example.com
322,Bob,Wilson,user322@example.com
323,Alice,Brown,user323@example.com
324,Bob,Wilson,user324@example.com
325,Eve,Jones,user325@example.com
326,Eve,Jones,user326@example.com
327,Eve,Taylor,user327@example.com
328,Diana,Jones,user328@example.com
329,Eve,Taylor,user329@example.com
330,Alice,Taylor,user330@example.com
331,Bob,Smith,user331@example.com
332,Charlie,Wilson,user332@example.com
333,Charlie,Smith,user333@example.com
334,Bob,Jones,user334@example.com
335,Bob,Wilson,user335@example.com
336,Diana,Wilson,user336@example.com
337,Bob,Brown,user337@example.com
338,Bob,Wilson,user338@example.com
339,Alice,Brown,user339@example.com
340,Charlie,Taylor,user340@example.com
341,Eve,Taylor,user341@example.com
342,Diana,Taylor,user342@example.com
343,Charlie,Taylor,user343@example.com
344,Diana,Wilson,user344@example.com
345,Eve,Brown,user345@example.com
346,Bob,Brown,user346@example.com
347,Diana,Jones,user347@example.com
348,Diana,Smith,user348@example.com
349,Eve,Wilson,user349@example.com
350,Alice,Smith,user350@example.com
351,Alice,Brown,user351@example.com
352,Alice,Wilson,user352@example.com
353,Diana,Jones,user353@example.com
354,Charlie,Smith,user354@example.com
355,Diana,Jones,user355@example.com
356,Bob,Smith,user356@example.com
357,Diana,Smith,user357@example.com
358,Bob,Wilson,user358@example.com
359,Diana,Brown,user359@example.com
360,Bob,Jones,user360@example.com
361,Eve,Brown,user361@example.com
362,Charlie,Taylor,user362@example.com
363,Charlie,Jones,user363@example.com
364,Eve,Smith,user364@example.com
365,Eve,Wilson,user365@example.com
366,Charlie,Taylor,user366@example.com
367,Bob,Smith,user367@example.com
368,Bob,Brown,user368@example.com
369,Bob,Jones,user369@example.com
370,Alice,Jones,user370@example.com
371,Bob,Wilson,user371@example.com
372,Bob,Jones,user372@example.com
373,Charlie,Smith,user373@example.com
374,Charlie,Wilson,user374@example.com
375,Charlie,Wilson,user375@example.com
376,Alice,Jones,user376@example.com
377,Diana,Wilson,user377@example.com
378,Diana,Wilson,user378@example.com
379,Bob,Smith,user379@example.com
380,Charlie,Wilson,user380@example.com
381,Diana,Taylor,user381@example.com
382,Bob,Taylor,user382@example.com
383,Diana,Taylor,user383@example.com
384,Alice,Taylor,user384@example.com
385,Charlie,Smith,user385@example.com
386,Alice,Jones,user386@example.com
387,Diana,Brown,user387@example.com
388,Bob,Wilson,user388@example.com
389,Eve,Wilson,user389@example.com
390,Charlie,Smith,user390@example.com
391,Eve,Smith,user391@example.com
392,Charlie,Brown,user392@example.com
393,Charlie,Jones,user393@example.com
394,Alice,Smith,user394@example.com
395,Bob,Jones,user395@example.com
396,Bob,Brown,user396@example.com
397,Eve,Taylor,user397@example.com
398,Diana,Wilson,user398@example.com
399,Bob,Smith,user399@example.com
400,Charlie,Smith,user400@example.com
401,Alice,Jones,user401@example.com
402,Charlie,Brown,user402@example.com
403,Eve,Jones,user403@example.com
404,Eve,Smith,user404@example.com
405,Bob,Jones,user405@example.com
406,Alice,Jones,user406@example.com
407,Eve,Brown,user407@example.com
408,Bob,Wilson,user408@example.com
409,Diana,Brown,user409@example.com
410,Alice,Taylor,user410@example.com
411,Bob,Taylor,user411@example.com
412,Bob,Brown,user412@example.com
413,Eve,Brown,user413@example.com
414,Diana,Brown,user414@example.com
415,Diana,Taylor,user415@example.com
416,Charlie,Taylor,user416@example.com
417,Alice,Smith,user417@example.com
418,Diana,Jones,user418@example.com
419,Eve,Jones,user419@example.com
420,Bob,Brown,user420@example.com
421,Bob,Jones,user421@example.com
422,Eve,Wilson,user422@example.com
423,Diana,Wilson,user423@example.com
424,Eve,Smith,user424@example.com
425,Diana,Jones,user425@example.com
426,Eve,Wilson,user426@example.com
427,Eve,Wilson,user427@example.com
428,Alice,Wilson,user428@example.com
429,Diana,Smith,user429@example.com
430,Diana,Jones,user430@example.com
431,Diana,Taylor,user431@example.com
432,Bob,Taylor,user432@example.com
433,Eve,Brown,user433@example.com
434,Eve,Brown,user434@example.com
435,Diana,Jones,user435@example.com
436,Diana,Wilson,user436@example.com
437,Alice,Smith,user437@example.com
438,Charlie,Jones,user438@example.com
439,Alice,Brown,user439@example.com
440,Alice,Jones,user440@example.com
441,Bob,Taylor,user441@example.com
442,Charlie,Smith,user442@example.com
443,Bob,Smith,user443@example.com
444,Bob,Jones,user444@example.com
445,Bob,Taylor,user445@example.com
446,Charlie,Wilson,user446@example.com
447,Eve,Wilson,user447@example.com
448,Bob,Wilson,user448@example.com
449,Bob,Brown,user449@example.com
450,Diana,Taylor,user450@example.com
451,Charlie,Brown,user451@example.com
452,Eve,Wilson,user452@example.com
453,Bob,Jones,user453@example.com
454,Eve,Jones,user454@example.com
455,Diana,Smith,user455@example.com
456,Diana,Jones,user456@example.com
457,Alice,Smith,user457@example.com
458,Diana,Brown,user458@example.com
459,Diana,Smith,user459@example.com
460,Diana,Taylor,user460@example.com
461,Bob,Smith,user461@example.com
462,Charlie,Wilson,user462@example.com
463,Charlie,Brown,user463@example.com
464,Bob,Brown,user464@example.com
465,Charlie,Taylor,user465@example.com
466,Bob,Wilson,user466@example.com
467,Eve,Taylor,user467@example.com
468,Diana,Brown,user468@example.com
469,Diana,Smith,user469@example.com
470,Alice,Taylor,user470@example.com
471,Bob,Wilson,user471@example.com
472,Alice,Brown,user472@example.com
473,Bob,Taylor,user473@example.com
474,Eve,Brown,user474@example.com
475,Alice,Wilson,user475@example.com
476,Eve,Wilson,user476@example.com
477,Bob,Jones,user477@example.com
478,Bob,Brown,user478@example.com
479,Diana,Jones,user479@example.com
480,Bob,Jones,user480@example.com
481,Charlie,Taylor,user481@example.com
482,Diana,Brown,user482@example.com
483,Diana,Wilson,user483@example.com
484,Diana,Wilson,user484@example.com
485,Alice,Smith,user485@example.com
486,Eve,Smith,user486@example.com
487,Alice,Brown,user487@example.com
488,Alice,Jones,user488@example.com
489,Alice,Smith,user489@example.com
490,Diana,Smith,user490@example.com
491,Alice,Wilson,user491@example.com
492,Eve,Taylor,user492@example.com
493,Alice,Smith,user493@example.com
494,Diana,Wilson,user494@example.com
495,Diana,Jones,user495@example.com
496,Alice,Smith,user496@example.com
497,Diana,Jones,user497@example.com
498,Diana,Jones,user498@example.com
499,Alice,Smith,user499@example.com
500,Eve,Brown,user500@example.com
501,Alice,Jones,user501@example.com
502,Bob,Jones,user502@example.com
503,Eve,Taylor,user503@example.com
504,Diana,Smith,user504@example.com
505,Eve,Wilson,user505@example.com
506,Diana,Taylor,user506@example.com
507,Alice,Jones,user507@example.com
508,Alice,Wilson,user508@example.com
509,Eve,Taylor,user509@example.com
510,Charlie,Taylor,user510@example.com
511,Alice,Smith,user511@example.com
512,Bob,Jones,user512@example.com
513,Diana,Jones,user513@example.com
514,Eve,Smith,user514@example.com
515,Diana,Taylor,user515@example.com
516,Eve,Brown,user516@example.com
517,Diana,Smith,user517@example.com
518,Alice,Taylor,user518@example.com
519,Eve,Taylor,user519@example.com
520,Bob,Jones,user520@example.com
521,Bob,Wilson,user521@example.com
522,Eve,Smith,user522@example.com
523,Diana,Brown,user523@example.com
524,Eve,Smith,user524@example.com
525,Eve,Jones,user525@example.com
526,Eve,Jones,user526@example.com
527,Bob,Smith,user527@example.com
528,Charlie,Brown,user528@example.com
529,Charlie,Brown,user529@example.com
530,Diana,Taylor,user530@example.com
531,Eve,Wilson,user531@example.com
532,Eve,Smith,user532@example.com
533,Diana,Smith,user533@example.com
534,Eve,Taylor,user534@example.com
535,Diana,Smith,user535@example.com
536,Charlie,Brown,user536@example.com
537,Eve,Brown,user537@example.com
538,Charlie,Jones,user538@example.com
539,Charlie,Jones,user539@example.com
540,Eve,Smith,user540@example.com
541,Charlie,Wilson,user541@example.com
542,Alice,Taylor,user542@example.com
543,Eve,Smith,user543@example.com
544,Diana,Taylor,user544@example.com
545,Bob,Smith,user545@example.com
546,Charlie,Taylor,user546@example.com
547,Eve,Smith,user547@example.com
548,Charlie,Taylor,user548@example.com
549,Eve,Brown,user549@example.com
550,Charlie,Wilson,user550@example.com
551,Bob,Wilson,user551@example.com
552,Eve,Smith,user552@example.com
553,Bob,Jones,user553@example.com
554,Bob,Wilson,user554@example.com
555,Eve,Taylor,user555@example.com
556,Bob,Brown,user556@example.com
557,Alice,Wilson,user557@example.com
558,Eve,Jones,user558@example.com
559,Bob,Taylor,user559@example.com
560,Alice,Smith,user560@example.com
561,Charlie,Jones,user561@example.com
562,Bob,Wilson,user562@example.com
563,Alice,Jones,user563@example.com
564,Eve,Brown,user564@example.com
565,Bob,Taylor,user565@example.com
566,Eve,Jones,user566@example.com
567,Diana,Jones,user567@example.com
568,Alice,Wilson,user568@example.com
569,Charlie,Brown,user569@example.com
570,Eve,Wilson,user570@example.com
571,Diana,Jones,user571@example.com
572,Eve,Jones,user572@example.com
573,Diana,Brown,user573@example.com
574,Alice,Smith,user574@example.com
575,Alice,Smith,user575@example.com
576,Bob,Taylor,user576@example.com
577,Charlie,Taylor,user577@example.com
578,Charlie,Smith,user578@example.com
579,Diana,Wilson,user579@example.com
580,Diana,Jones,user580@example.com
581,Eve,Brown,user581@example.com
582,Eve,Wilson,user582@example.com
583,Bob,Smith,user583@example.com
584,Bob,Brown,user584@example.com
585,Charlie,Smith,user585@example.com
586,Charlie,Smith,user586@example.com
587,Diana,Brown,user587@example.com
588,Diana,Smith,user588@example.com
589,Charlie,Jones,user589@example.com
590,Diana,Taylor,user590@example.com
591,Charlie,Jones,user591@example.com
592,Bob,Smith,user592@example.com
593,Alice,Smith,user593@example.com
594,Eve,Brown,user594@example.com
595,Charlie,Brown,user595@example.com
596,Eve,Taylor,user596@example.com
597,Charlie,Smith,user597@example.com
598,Charlie,Smith,user598@example.com
599,Bob,Jones,user599@example.com
600,Alice,Brown,user600@example.com
601,Alice,Taylor,user601@example.com
602,Charlie,Brown,user602@example.com
603,Charlie,Smith,user603@example.com
604,Bob,Jones,user604@example.com
605,Diana,Taylor,user605@example.com
606,Diana,Taylor,user606@example.com
607,Alice,Jones,user607@example.com
608,Eve,Wilson,user608@example.com
609,Eve,Brown,user609@example.com
610,Alice,Smith,user610@example.com
611,Charlie,Jones,user611@example.com
612,Diana,Brown,user612@example.com
613,Eve,Wilson,user613@example.com
614,Alice,Wilson,user614@example.com
615,Charlie,Brown,user615@example.com
616,Bob,Taylor,user616@example.com
617,Alice,Smith,user617@example.com
618,Bob,Brown,user618@example.com
619,Diana,Wilson,user619@example.com
620,Charlie,Wilson,user620@example.com
621,Bob,Taylor,user621@example.com
622,Eve,Wilson,user622@example.com
623,Alice,Wilson,user623@example.com
624,Alice,Jones,user624@example.com
625,Charlie,Smith,user625@example.com
626,Bob,Smith,user626@example.com
627,Bob,Wilson,user627@example.com
628,Bob,Wilson,user628@example.com
629,Charlie,Brown,user629@example.com
630,Eve,Taylor,user630@example.com
631,Charlie,Smith,user631@example.com
632,Charlie,Jones,user632@example.com
633,Eve,Brown,user633@example.com
634,Diana,Brown,user634@example.com
635,Alice,Wilson,user635@example.com
636,Bob,Taylor,user636@example.com
637,Eve,Brown,user637@example.com
638,Charlie,Taylor,user638@example.com
639,Eve,Smith,user639@example.com
640,Diana,Brown,user640@example.com
641,Bob,Smith,user641@example.com
642,Diana,Jones,user642@example.com
643,Bob,Jones,user643@example.com
644,Eve,Wilson,user644@example.com
645,Diana,Jones,user645@example.com
646,Eve,Jones,user646@example.com
647,Charlie,Brown,user647@example.com
648,Alice,Jones,user648@example.com
649,Diana,Wilson,user649@example.com
650,Eve,Smith,user650@example.com
651,Diana,Wilson,user651@example.com
652,Alice,Wilson,user652@example.com
653,Eve,Smith,user653@example.com
654,Alice,Brown,user654@example.com
655,Diana,Wilson,user655@example.com
656,Charlie,Wilson,user656@example.com
657,Diana,Smith,user657@example.com
658,Eve,Brown,user658@example.com
659,Diana,Taylor,user659@example.com
660,Bob,Jones,user660@example.com
661,Alice,Jones,user661@example.com
662,Bob,Smith,user662@example.com
663,Charlie,Jones,user663@example.com
664,Eve,Jones,user664@example.com
665,Bob,Jones,user665@example.com
666,Alice,Smith,user666@example.com
667,Alice,Brown,user667@example.com
668,Charlie,Taylor,user668@example.com
669,Bob,Brown,user669@example.com
670,Bob,Jones,user670@example.com
671,Eve,Brown,user671@example.com
672,Bob,Jones,user672@example.com
673,Bob,Wilson,user673@example.com
674,Charlie,Brown,user674@example.com
675,Charlie,Wilson,user675@example.com
676,Eve,Jones,user676@example.com
677,Diana,Brown,user677@example.com
678,Bob,Wilson,user678@example.com
679,Alice,Smith,user679@example.com
680,Alice,Taylor,user680@example.com
681,Diana,Brown,user681@example.com
682,Bob,Jones,user682@example.com
683,Bob,Taylor,user683@example.com
684,Alice,Wilson,user684@example.com
685,Bob,Taylor,user685@example.com
686,Charlie,Brown,user686@example.com
687,Charlie,Taylor,user687@example.com
688,Diana,Jones,user688@example.com
689,Bob,Wilson,user689@example.com
690,Diana,Jones,user690@example.com
691,Alice,Smith,user691@example.com
692,Eve,Smith,user692@example.com
693,Diana,Wilson,user693@example.com
694,Eve,Smith,user694@example.com
695,Charlie,Taylor,user695@example.com
696,Diana,Brown,user696@example.com
697,Charlie,Taylor,user697@example.com
698,Eve,Taylor,user698@example.com
699,Charlie,Jones,user699@example.com
700,Bob,Smith,user700@example.com
701,Bob,Brown,user701@example.com
702,Alice,Taylor,user702@example.com
703,Charlie,Smith,user703@example.com
704,Eve,Wilson,user704@example.com
705,Eve,Smith,user705@example.com
706,Bob,Brown,user706@example.com
707,Bob,Taylor,user707@example.com
708,Alice,Smith,user708@example.com
709,Diana,Taylor,user709@example.com
710,Bob,Wilson,user710@example.com
711,Alice,Wilson,user711@example.com
712,Diana,Smith,user712@example.com
713,Bob,Jones,user713@example.com
714,Eve,Wilson,user714@example.com
715,Charlie,Taylor,user715@example.com
716,Bob,Jones,user716@example.com
717,Alice,Smith,user717@example.com
718,Charlie,Brown,user718@example.com
719,Diana,Smith,user719@example.com
720,Charlie,Wilson,user720@example.com
721,Charlie,Brown,user721@example.com
722,Alice,Taylor,user722@example.com
723,Charlie,Jones,user723@example.com
724,Diana,Wilson,user724@example.com
725,Charlie,Jones,user725@example.com
726,Alice,Jones,user726@example.com
727,Bob,Wilson,user727@example.com
728,Diana,Taylor,user728@example.com
729,Bob,Taylor,user729@example.com
730,Charlie,Taylor,user730@example.com
731,Charlie,Wilson,user731@example.com
732,Alice,Taylor,user732@example.com
733,Diana,Taylor,user733@example.com
734,Eve,Brown,user734@example.com
735,Diana,Brown,user735@example.com
736,Bob,Jones,user736@example.com
737,Eve,Brown,user737@example.com
738,Charlie,Wilson,user738@example.com
739,Eve,Taylor,user739@example.com
740,Alice,Taylor,user740@example.com
741,Charlie,Smith,user741@example.com
742,Charlie,Jones,user742@example.com
743,Charlie,Brown,user743@example.com
744,Diana,Smith,user744@example.com
745,Diana,Taylor,user745@example.com
746,Diana,Taylor,user746@example.com
747,Bob,Taylor,user747@example.com
748,Alice,Jones,user748@example.com
749,Eve,Smith,user749@example.com
750,Eve,Wilson,user750@example.com
751,Diana,Brown,user751@example.com
752,Diana,Taylor,user752@example.com
753,Eve,Jones,user753@example.com
754,Alice,Wilson,user754@example.com
755,Alice,Taylor,user755@example.com
756,Diana,Jones,user756@example.com
757,Eve,Smith,user757@example.com
758,Eve,Jones,user758@example.com
759,Eve,Smith,user759@example.com
760,Diana,Wilson,user760@example.com
761,Eve,Wilson,user761@example.com
762,Charlie,Jones,user762@example.com
763,Alice,Smith,user763@example.com
764,Diana,Brown,user764@example.com
765,Diana,Wilson,user765@example.com
766,Bob,Brown,user766@example.com
767,Charlie,Jones,user767@example.com
768,Bob,Brown,user768@example.com
769,Alice,Brown,user769@example.com
770,Alice,Wilson,user770@example.com
771,Bob,Taylor,user771@example.com
772,Alice,Wilson,user772@example.com
773,Charlie,Wilson,user773@example.com
774,Charlie,Smith,user774@example.com
775,Bob,Taylor,user775@example.com
776,Alice,Brown,user776@example.com
777,Alice,Smith,user777@example.com
778,Eve,Jones,user778@example.com
779,Eve,Jones,user779@example.com
780,Eve,Smith,user780@example.com
781,Diana,Brown,user781@example.com
782,Bob,Smith,user782@example.com
783,Diana,Brown,user783@example.com
784,Charlie,Taylor,user784@example.com
785,Alice,Jones,user785@example.com
786,Charlie,Wilson,user786@example.com
787,Alice,Taylor,user787@example.com
788,Diana,Jones,user788@example.com
789,Charlie,Taylor,user789@example.com
790,Charlie,Taylor,user790@example.com
791,Alice,Smith,user791@example.com
792,Alice,Brown,user792@example.com
793,Bob,Taylor,user793@example.com
794,Alice,Jones,user794@example.com
795,Bob,Wilson,user795@example.com
796,Charlie,Brown,user796@example.com
797,Eve,Brown,user797@example.com
798,Eve,Jones,user798@example.com
799,Bob,Smith,user799@example.com
800,Diana,Brown,user800@example.com
801,Eve,Taylor,user801@example.com
802,Eve,Smith,user802@example.com
803,Diana,Brown,user803@example.com
804,Eve,Taylor,user804@example.com
805,Charlie,Smith,user805@example.com
806,Eve,Smith,user806@example.com
807,Charlie,Brown,user807@example.com
808,Alice,Taylor,user808@example.com
809,Alice,Brown,user809@example.com
810,Charlie,Wilson,user810@example.com
811,Charlie,Taylor,user811@example.com
812,Diana,Taylor,user812@example.com
813,Bob,Brown,user813@example.com
814,Eve,Smith,user814@example.com
815,Bob,Jones,user815@example.com
816,Alice,Smith,user816@example.com
817,Diana,Taylor,user817@example.com
818,Eve,Brown,user818@example.com
819,Charlie,Brown,user819@example.com
820,Bob,Taylor,user820@example.com
821,Alice,Brown,user821@example.com
822,Bob,Smith,user822@example.com
823,Alice,Taylor,user823@example.com
824,Eve,Jones,user824@example.com
825,Alice,Jones,user825@example.com
826,Charlie,Smith,user826@example.com
827,Bob,Wilson,user827@example.com
828,Bob,Jones,user828@example.com
829,Eve,Taylor,user829@example.com
830,Charlie,Wilson,user830@example.com
831,Bob,Wilson,user831@example.com
832,Eve,Brown,user832@example.com
833,Charlie,Jones,user833@example.com
834,Diana,Wilson,user834@example.com
835,Diana,Smith,user835@example.com
836,Diana,Taylor,user836@example.com
837,Eve,Smith,user837@example.com
838,Diana,Brown,user838@example.com
839,Alice,Taylor,user839@example.com
840,Eve,Smith,user840@example.com
841,Alice,Jones,user841@example.com
842,Alice,Smith,user842@example.com
843,Diana,Brown,user843@example.com
844,Charlie,Smith,user844@example.com
845,Alice,Jones,user845@example.com
846,Diana,Brown,user846@example.com
847,Diana,Brown,user847@example.com
848,Eve,Wilson,user848@example.com
849,Charlie,Wilson,user849@example.com
850,Charlie,Brown,user850@example.com
851,Diana,Taylor,user851@example.com
852,Alice,Brown,user852@example.com
853,Eve,Brown,user853@example.com
854,Charlie,Taylor,user854@example.com
855,Diana,Smith,user855@example.com
856,Charlie,Smith,user856@example.com
857,Eve,Taylor,user857@example.com
858,Charlie,Taylor,user858@example.com
859,Diana,Jones,user859@example.com
860,Bob,Smith,user860@example.com
861,Diana,Jones,user861@example.com
862,Eve,Jones,user862@example.com
863,Alice,Smith,user863@example.com
864,Bob,Jones,user864@example.com
865,Charlie,Wilson,user865@example.com
866,Eve,Brown,user866@example.com
867,Charlie,Smith,user867@example.com
868,Bob,Jones,user868@example.com
869,Bob,Brown,user869@example.com
870,Diana,Jones,user870@example.com
871,Charlie,Wilson,user871@example.com
872,Alice,Jones,user872@example.com
873,Alice,Smith,user873@example.com
874,Charlie,Taylor,user874@example.com
875,Charlie,Brown,user875@example.com
876,Bob,Brown,user876@example.com
877,Eve,Jones,user877@example.com
878,Alice,Taylor,user878@example.com
879,Diana,Smith,user879@example.com
880,Alice,Brown,user880@example.com
881,Alice,Taylor,user881@example.com
882,Diana,Wilson,user882@example.com
883,Charlie,Brown,user883@example.com
884,Bob,Wilson,user884@example.com
885,Alice,Taylor,user885@example.com
886,Eve,Jones,user886@example.com
887,Diana,Brown,user887@example.com
888,Charlie,Jones,user888@example.com
889,Bob,Smith,user889@example.com
890,Charlie,Jones,user890@example.com
891,Charlie,Brown,user891@example.com
892,Diana,Taylor,user892@example.com
893,Diana,Taylor,user893@example.com
894,Bob,Smith,user894@example.com
895,Eve,Jones,user895@example.com
896,Bob,Taylor,user896@example.com
897,Alice,Jones,user897@example.com
898,Charlie,Jones,user898@example.com
899,Bob,Smith,user899@example.com
900,Diana,Brown,user900@example.com
901,Charlie,Jones,user901@example.com
902,Bob,Taylor,user902@example.com
903,Bob,Taylor,user903@example.com
904,Charlie,Wilson,user904@example.com
905,Alice,Smith,user905@example.com
906,Eve,Jones,user906@example.com
907,Bob,Smith,user907@example.com
908,Diana,Jones,user908@example.com
909,Alice,Jones,user909@example.com
910,Bob,Smith,user910@example.com
911,Bob,Brown,user911@example.com
912,Charlie,Wilson,user912@example.com
913,Diana,Wilson,user913@example.com
914,Diana,Brown,user914@example.com
915,Charlie,Taylor,user915@example.com
916,Bob,Brown,user916@example.com
917,Bob,Brown,user917@example.com
918,Diana,Smith,user918@example.com
919,Alice,Jones,user919@example.com
920,Eve,Jones,user920@example.com
921,Eve,Smith,user921@example.com
922,Charlie,Taylor,user922@example.com
923,Diana,Smith,user923@example.com
924,Alice,Jones,user924@example.com
925,Diana,Wilson,user925@example.com
926,Eve,Wilson,user926@example.com
927,Diana,Brown,user927@example.com
928,Bob,Jones,user928@example.com
929,Bob,Brown,user929@example.com
930,Diana,Wilson,user930@example.com
931,Bob,Brown,user931@example.com
932,Eve,Jones,user932@example.com
933,Eve,Jones,user933@example.com
934,Bob,Wilson,user934@example.com
935,Alice,Taylor,user935@example.com
936,Charlie,Smith,user936@example.com
937,Charlie,Brown,user937@example.com
938,Eve,Smith,user938@example.com
939,Charlie,Smith,user939@example.com
940,Bob,Wilson,user940@example.com
941,Charlie,Jones,user941@example.com
942,Diana,Wilson,user942@example.com
943,Diana,Wilson,user943@example.com
944,Eve,Smith,user944@example.com
945,Alice,Wilson,user945@example.com
946,Charlie,Jones,user946@example.com
947,Eve,Taylor,user947@example.com
948,Charlie,Jones,user948@example.com
949,Charlie,Taylor,user949@example.com
950,Diana,Taylor,user950@example.com
951,Eve,Smith,user951@example.com
952,Bob,Jones,user952@example.com
953,Diana,Smith,user953@example.com
954,Alice,Jones,user954@example.com
955,Charlie,Taylor,user955@example.com
956,Bob,Jones,user956@example.com
957,Eve,Brown,user957@example.com
958,Diana,Taylor,user958@example.com
959,Eve,Taylor,user959@example.com
960,Diana,Wilson,user960@example.com
961,Alice,Brown,user961@example.com
962,Charlie,Smith,user962@example.com
963,Eve,Taylor,user963@example.com
964,Eve,Taylor,user964@example.com
965,Bob,Wilson,user965@example.com
966,Alice,Brown,user966@example.com
967,Charlie,Smith,user967@example.com
968,Eve,Taylor,user968@example.com
969,Alice,Smith,user969@example.com
970,Bob,Smith,user970@example.com
971,Alice,Smith,user971@example.com
972,Charlie,Jones,user972@example.com
973,Charlie,Wilson,user973@example.com
974,Eve,Wilson,user974@example.com
975,Bob,Brown,user975@example.com
976,Alice,Smith,user976@example.com
977,Eve,Smith,user977@example.com
978,Alice,Taylor,user978@example.com
979,Bob,Brown,user979@example.com
980,Diana,Taylor,user980@example.com
981,Bob,Brown,user981@example.com
982,Alice,Taylor,user982@example.com
983,Diana,Wilson,user983@example.com
984,Charlie,Jones,user984@example.com
985,Bob,Wilson,user985@example.com
986,Charlie,Smith,user986@example.com
987,Alice,Smith,user987@example.com
988,Charlie,Brown,user988@example.com
989,Alice,Brown,user989@example.com
990,Bob,Taylor,user990@example.com
991,Charlie,Wilson,user991@example.com
992,Bob,Jones,user992@example.com
993,Charlie,Smith,user993@example.com
994,Eve,Smith,user994@example.com
995,Alice,Jones,user995@example.com
996,Bob,Smith,user996@example.com
997,Charlie,Brown,user997@example.com
998,Diana,Brown,user998@example.com
999,Eve,Taylor,user999@example.com
1000,Alice,Brown,user1000@example.com
